Workbook

Sheet README
A1: CITATIONLY — COMPETITOR PROMPT COMPARISON
A3: Purpose | B3: Measure whether competitor prompt v2 beats v1, and how much ChatGPT and Gemini agree with each other. Companion to Citationly_Competitor_Prompt_v2.html (tasks C3 and C4).
A4: Owner | B4: Atharva runs and fills. Arpit fills the Human verdict column only.
A6: HOW TO USE
A7: 1. Fixture tab | B7: Arpit pastes the ONE frozen set of onboarding values. Nothing here changes between runs — that is the whole point.
A8: 2. Runs tab | B8: Paste one row per competitor per run. 5 runs x 2 engines x 3 businesses (io-ai.io, ioweb3.io, citationly.ai) on v2.1, plus 1 run x 2 engines on v1 as the control. Blue cells are yours to type.
A9: 3. Agreement tab | B9: Paste each unique (business, domain) pair once in columns A-C. Everything else calculates itself.
A10: 4. Human verdict | B10: Arpit fills column J on the Agreement tab BLIND — hide columns D to I first. Grading after seeing the model's confidence is not grading.
A11: 5. Scorecard tab | B11: Reads automatically. This is the tab we discuss.
A13: COLOUR KEY
A14: Blue text | B14: You type here.
A15: Yellow fill | B15: Must be filled before the sheet means anything.
A16: Black text | B16: Formula — do not overwrite.
A17: Grey italic | B17: Example row showing the expected format. Delete it before you start.
A19: RULES THAT MATTER
A20: Resolve BEFORE you count | B20: Normalise every domain, follow redirects, and fuzzy-match name+domain against rows you have already seen, THEN paste one merged row per company into Agreement. Models emit surge.ai for surgehq.ai and samasource.org for sama.com. Unmerged, one real competitor named in all 10 runs splits into two 5/10 rows and both get thrown away as DISCARD. Log which variants you collapsed.
A21: Key on domain | B21: Root domain, lowercase, no www, no path. 'Scale AI' / 'Scale' / 'Scale AI (Meta)' are one company; scale.com is the only thing that joins them.
A22: Temperature | B22: Run at the PRODUCTION temperature, not 0. Temperature 0 hides the run-to-run instability this experiment exists to measure.
A23: No caching | B23: Fresh conversation per run. A cached response is one run counted five times.
A24: v1 control | B24: The v1 prompt returns no domain. Look each one up by hand and fill the domain column so the control is comparable.
A25: Raw logs | B25: Keep every raw API response on disk keyed by Run ID. This sheet is the summary, not the evidence.

Sheet Fixture
A1: Field | B1: Frozen value — Arpit fills | C1: Notes
A2: company_name | C2: Exact legal or trading name.
A3: root_domain | C3: lowercase, no scheme, no www.
A4: what_they_sell | C4: From the Products/services box. NEVER from industriesServed.
A5: who_they_sell_to | C5: NEW onboarding field. e.g. 'AI labs and robotics companies building perception models'.
A6: buyer_type | C6: B2B / B2C / B2B2C
A7: primary_market | C7: Country.
A8: also_sells_into | C8: Other markets, comma separated.
A9: company_stage | C9: Recorded, not used to filter.
A10: keywords | C10: Comma separated, min 5.
A11: known_competitors | C11: NEW onboarding field. Optional. Comma separated.
A12: never_include | C12: Blacklist. Optional.
A13: max_competitors | B13: 8 | C13: Keep at 8 for the experiment.
A15: BUSINESS B — ioweb3.io | C15: Parent company. Already benchmarked in Profound, so we have outside ground truth. Duplicate the block above on a second copy of this tab.
A16: BUSINESS C — citationly.ai | C16: Our own product. Crowded category (Profound, Peec AI, Otterly, Athena) that any of us can grade instantly. Same.
A18: Source: values supplied by Arpit Gupta. These bytes are identical on every API call in this experiment.

Sheet Runs
A1: Run ID | B1: Business | C1: Engine | D1: Prompt | E1: Run # | F1: Rank | G1: Company name | H1: Domain | I1: relative_scale | J1: basis | K1: confidence | L1: why_competitor | M1: their_edge_vs_client | N1: client_edge_vs_them
A2: EXAMPLE — delete | B2: EXAMPLE — delete | C2: ChatGPT | D2: v2 | E2: 1 | F2: 1 | G2: Scale AI | H2: scale.com | I2: category_leader | J2: named_direct_rival | K2: 95 | L2: Sells managed data annotation to AI labs | M2: Far larger annotator pool and enterprise trust | N2: Lower cost, India-based delivery

Sheet Agreement
A1: Business | B1: Domain | C1: Company name | D1: ChatGPT hits /5 | E1: Gemini hits /5 | F1: Total /10 | G1: Both engines? | H1: Agreement tier | I1: Avg model confidence | J1: HUMAN VERDICT (blind) | K1: Notes
D2: =COUNTIFS(Runs!$B:$B,$A2,Runs!$H:$H,$B2,Runs!$C:$C,"ChatGPT",Runs!$D:$D,"v2") -> 0 | E2: =COUNTIFS(Runs!$B:$B,$A2,Runs!$H:$H,$B2,Runs!$C:$C,"Gemini",Runs!$D:$D,"v2") -> 0 | F2: =D2+E2 -> 0 | G2: =IF(AND(D2>0,E2>0),"yes","no") -> no | H2: =IF($B2="","",IF(AND(D2>=4,E2>=4),"LOCKED",IF(AND(D2>=2,E2>=2),"CANDIDATE",IF(F2<=2,"DISCARD","WEAK")))) | I2: =IFERROR(ROUND(AVERAGEIFS(Runs!$K:$K,Runs!$B:$B,$A2,Runs!$H:$H,$B2,Runs!$D:$D,"v2"),0),"")
D3: =COUNTIFS(Runs!$B:$B,$A3,Runs!$H:$H,$B3,Runs!$C:$C,"ChatGPT",Runs!$D:$D,"v2") -> 0 | E3: =COUNTIFS(Runs!$B:$B,$A3,Runs!$H:$H,$B3,Runs!$C:$C,"Gemini",Runs!$D:$D,"v2") -> 0 | F3: =D3+E3 -> 0 | G3: =IF(AND(D3>0,E3>0),"yes","no") -> no | H3: =IF($B3="","",IF(AND(D3>=4,E3>=4),"LOCKED",IF(AND(D3>=2,E3>=2),"CANDIDATE",IF(F3<=2,"DISCARD","WEAK")))) | I3: =IFERROR(ROUND(AVERAGEIFS(Runs!$K:$K,Runs!$B:$B,$A3,Runs!$H:$H,$B3,Runs!$D:$D,"v2"),0),"")
D4: =COUNTIFS(Runs!$B:$B,$A4,Runs!$H:$H,$B4,Runs!$C:$C,"ChatGPT",Runs!$D:$D,"v2") -> 0 | E4: =COUNTIFS(Runs!$B:$B,$A4,Runs!$H:$H,$B4,Runs!$C:$C,"Gemini",Runs!$D:$D,"v2") -> 0 | F4: =D4+E4 -> 0 | G4: =IF(AND(D4>0,E4>0),"yes","no") -> no | H4: =IF($B4="","",IF(AND(D4>=4,E4>=4),"LOCKED",IF(AND(D4>=2,E4>=2),"CANDIDATE",IF(F4<=2,"DISCARD","WEAK")))) | I4: =IFERROR(ROUND(AVERAGEIFS(Runs!$K:$K,Runs!$B:$B,$A4,Runs!$H:$H,$B4,Runs!$D:$D,"v2"),0),"")
D5: =COUNTIFS(Runs!$B:$B,$A5,Runs!$H:$H,$B5,Runs!$C:$C,"ChatGPT",Runs!$D:$D,"v2") -> 0 | E5: =COUNTIFS(Runs!$B:$B,$A5,Runs!$H:$H,$B5,Runs!$C:$C,"Gemini",Runs!$D:$D,"v2") -> 0 | F5: =D5+E5 -> 0 | G5: =IF(AND(D5>0,E5>0),"yes","no") -> no | H5: =IF($B5="","",IF(AND(D5>=4,E5>=4),"LOCKED",IF(AND(D5>=2,E5>=2),"CANDIDATE",IF(F5<=2,"DISCARD","WEAK")))) | I5: =IFERROR(ROUND(AVERAGEIFS(Runs!$K:$K,Runs!$B:$B,$A5,Runs!$H:$H,$B5,Runs!$D:$D,"v2"),0),"")
D6: =COUNTIFS(Runs!$B:$B,$A6,Runs!$H:$H,$B6,Runs!$C:$C,"ChatGPT",Runs!$D:$D,"v2") -> 0 | E6: =COUNTIFS(Runs!$B:$B,$A6,Runs!$H:$H,$B6,Runs!$C:$C,"Gemini",Runs!$D:$D,"v2") -> 0 | F6: =D6+E6 -> 0 | G6: =IF(AND(D6>0,E6>0),"yes","no") -> no | H6: =IF($B6="","",IF(AND(D6>=4,E6>=4),"LOCKED",IF(AND(D6>=2,E6>=2),"CANDIDATE",IF(F6<=2,"DISCARD","WEAK")))) | I6: =IFERROR(ROUND(AVERAGEIFS(Runs!$K:$K,Runs!$B:$B,$A6,Runs!$H:$H,$B6,Runs!$D:$D,"v2"),0),"")
D7: =COUNTIFS(Runs!$B:$B,$A7,Runs!$H:$H,$B7,Runs!$C:$C,"ChatGPT",Runs!$D:$D,"v2") -> 0 | E7: =COUNTIFS(Runs!$B:$B,$A7,Runs!$H:$H,$B7,Runs!$C:$C,"Gemini",Runs!$D:$D,"v2") -> 0 | F7: =D7+E7 -> 0 | G7: =IF(AND(D7>0,E7>0),"yes","no") -> no | H7: =IF($B7="","",IF(AND(D7>=4,E7>=4),"LOCKED",IF(AND(D7>=2,E7>=2),"CANDIDATE",IF(F7<=2,"DISCARD","WEAK")))) | I7: =IFERROR(ROUND(AVERAGEIFS(Runs!$K:$K,Runs!$B:$B,$A7,Runs!$H:$H,$B7,Runs!$D:$D,"v2"),0),"")
D8: =COUNTIFS(Runs!$B:$B,$A8,Runs!$H:$H,$B8,Runs!$C:$C,"ChatGPT",Runs!$D:$D,"v2") -> 0 | E8: =COUNTIFS(Runs!$B:$B,$A8,Runs!$H:$H,$B8,Runs!$C:$C,"Gemini",Runs!$D:$D,"v2") -> 0 | F8: =D8+E8 -> 0 | G8: =IF(AND(D8>0,E8>0),"yes","no") -> no | H8: =IF($B8="","",IF(AND(D8>=4,E8>=4),"LOCKED",IF(AND(D8>=2,E8>=2),"CANDIDATE",IF(F8<=2,"DISCARD","WEAK")))) | I8: =IFERROR(ROUND(AVERAGEIFS(Runs!$K:$K,Runs!$B:$B,$A8,Runs!$H:$H,$B8,Runs!$D:$D,"v2"),0),"")
D9: =COUNTIFS(Runs!$B:$B,$A9,Runs!$H:$H,$B9,Runs!$C:$C,"ChatGPT",Runs!$D:$D,"v2") -> 0 | E9: =COUNTIFS(Runs!$B:$B,$A9,Runs!$H:$H,$B9,Runs!$C:$C,"Gemini",Runs!$D:$D,"v2") -> 0 | F9: =D9+E9 -> 0 | G9: =IF(AND(D9>0,E9>0),"yes","no") -> no | H9: =IF($B9="","",IF(AND(D9>=4,E9>=4),"LOCKED",IF(AND(D9>=2,E9>=2),"CANDIDATE",IF(F9<=2,"DISCARD","WEAK")))) | I9: =IFERROR(ROUND(AVERAGEIFS(Runs!$K:$K,Runs!$B:$B,$A9,Runs!$H:$H,$B9,Runs!$D:$D,"v2"),0),"")
D10: =COUNTIFS(Runs!$B:$B,$A10,Runs!$H:$H,$B10,Runs!$C:$C,"ChatGPT",Runs!$D:$D,"v2") -> 0 | E10: =COUNTIFS(Runs!$B:$B,$A10,Runs!$H:$H,$B10,Runs!$C:$C,"Gemini",Runs!$D:$D,"v2") -> 0 | F10: =D10+E10 -> 0 | G10: =IF(AND(D10>0,E10>0),"yes","no") -> no | H10: =IF($B10="","",IF(AND(D10>=4,E10>=4),"LOCKED",IF(AND(D10>=2,E10>=2),"CANDIDATE",IF(F10<=2,"DISCARD","WEAK")))) | I10: =IFERROR(ROUND(AVERAGEIFS(Runs!$K:$K,Runs!$B:$B,$A10,Runs!$H:$H,$B10,Runs!$D:$D,"v2"),0),"")
D11: =COUNTIFS(Runs!$B:$B,$A11,Runs!$H:$H,$B11,Runs!$C:$C,"ChatGPT",Runs!$D:$D,"v2") -> 0 | E11: =COUNTIFS(Runs!$B:$B,$A11,Runs!$H:$H,$B11,Runs!$C:$C,"Gemini",Runs!$D:$D,"v2") -> 0 | F11: =D11+E11 -> 0 | G11: =IF(AND(D11>0,E11>0),"yes","no") -> no | H11: =IF($B11="","",IF(AND(D11>=4,E11>=4),"LOCKED",IF(AND(D11>=2,E11>=2),"CANDIDATE",IF(F11<=2,"DISCARD","WEAK")))) | I11: =IFERROR(ROUND(AVERAGEIFS(Runs!$K:$K,Runs!$B:$B,$A11,Runs!$H:$H,$B11,Runs!$D:$D,"v2"),0),"")
D12: =COUNTIFS(Runs!$B:$B,$A12,Runs!$H:$H,$B12,Runs!$C:$C,"ChatGPT",Runs!$D:$D,"v2") -> 0 | E12: =COUNTIFS(Runs!$B:$B,$A12,Runs!$H:$H,$B12,Runs!$C:$C,"Gemini",Runs!$D:$D,"v2") -> 0 | F12: =D12+E12 -> 0 | G12: =IF(AND(D12>0,E12>0),"yes","no") -> no | H12: =IF($B12="","",IF(AND(D12>=4,E12>=4),"LOCKED",IF(AND(D12>=2,E12>=2),"CANDIDATE",IF(F12<=2,"DISCARD","WEAK")))) | I12: =IFERROR(ROUND(AVERAGEIFS(Runs!$K:$K,Runs!$B:$B,$A12,Runs!$H:$H,$B12,Runs!$D:$D,"v2"),0),"")
D13: =COUNTIFS(Runs!$B:$B,$A13,Runs!$H:$H,$B13,Runs!$C:$C,"ChatGPT",Runs!$D:$D,"v2") -> 0 | E13: =COUNTIFS(Runs!$B:$B,$A13,Runs!$H:$H,$B13,Runs!$C:$C,"Gemini",Runs!$D:$D,"v2") -> 0 | F13: =D13+E13 -> 0 | G13: =IF(AND(D13>0,E13>0),"yes","no") -> no | H13: =IF($B13="","",IF(AND(D13>=4,E13>=4),"LOCKED",IF(AND(D13>=2,E13>=2),"CANDIDATE",IF(F13<=2,"DISCARD","WEAK")))) | I13: =IFERROR(ROUND(AVERAGEIFS(Runs!$K:$K,Runs!$B:$B,$A13,Runs!$H:$H,$B13,Runs!$D:$D,"v2"),0),"")
... D320: =COUNTIFS(Runs!$B:$B,$A320,Runs!$H:$H,$B320,Runs!$C:$C,"ChatGPT",Runs!$D:$D,"v2") -> 0 | E320: =COUNTIFS(Runs!$B:$B,$A320,Runs!$H:$H,$B320,Runs!$C:$C,"Gemini",Runs!$D:$D,"v2") -> 0 | F320: =D320+E320 -> 0 | G320: =IF(AND(D320>0,E320>0),"yes","no") -> no | H320: =IF($B320="","",IF(AND(D320>=4,E320>=4),"LOCKED",IF(AND(D320>=2,E320>=2),"CANDIDATE",IF(F320<=2,"DISCARD","WEAK")))) | I320: =IFERROR(ROUND(AVERAGEIFS(Runs!$K:$K,Runs!$B:$B,$A320,Runs!$H:$H,$B320,Runs!$D:$D,"v2"),0),"")
A322: Tier rule: LOCKED = both engines >=4/5 · CANDIDATE = both engines >=2/5 · WEAK = one engine only · DISCARD = <=2 of 10 appearances.
A323: Hide columns D:I before Arpit fills column J. The blind verdict is the only unbiased measurement in this experiment.

Sheet Scorecard
A1: SCORECARD — read this tab, argue about this tab
A3: COVERAGE
A4: Unique companies named (v2, all engines) | B4: =COUNTA(Agreement!B2:B320) -> 0 | C4: Blank until the Agreement tab is populated.
A5: Graded by a human | B5: =COUNTIF(Agreement!J2:J320,"<>") -> 0 | C5: Must equal the row above before any rate below is meaningful.
A7: TRUST — the number that decides whether v2 ships
A8: v2 hallucination rate | B8: =IFERROR(COUNTIF(Agreement!J2:J320,"hallucination / not a real company")/COUNTIF(Agreement!J2:J320,"<>"),"") | C8: Share of named companies that are not real, or not real in this category.
A9: v2 wrong-direction rate (our customers / suppliers) | B9: =IFERROR((COUNTIF(Agreement!J2:J320,"our customer")+COUNTIF(Agreement!J2:J320,"supplier or partner"))/COUNTIF(Agreement!J2:J320,"<>"),"") | C9: The Lockheed Martin failure mode specifically. Target: zero. This is what the substitution test is for.
A10: v2 clean rate (real competitors) | B10: =IFERROR(COUNTIF(Agreement!J2:J320,"real competitor")/COUNTIF(Agreement!J2:J320,"<>"),"") | C10: The headline. Ship gate: >= 80%, AND wrong-direction rate = 0.
A12: DOES THE AGREEMENT TIER PREDICT TRUTH?
A13: LOCKED tier that a human calls real | B13: =IFERROR(COUNTIFS(Agreement!H2:H320,"LOCKED",Agreement!J2:J320,"real competitor")/COUNTIF(Agreement!H2:H320,"LOCKED"),"") | C13: If this is near 100%, LOCKED can auto-include without asking the user.
A14: DISCARD tier that a human calls real | B14: =IFERROR(COUNTIFS(Agreement!H2:H320,"DISCARD",Agreement!J2:J320,"real competitor")/COUNTIF(Agreement!H2:H320,"DISCARD"),"") | C14: If this is near 0%, we are safely throwing away only noise. If it is high, the tier thresholds are wrong.
A16: IS THE MODEL'S OWN CONFIDENCE WORTH ANYTHING?
A17: Avg model confidence on REAL competitors | B17: =IFERROR(AVERAGEIFS(Agreement!I2:I320,Agreement!J2:J320,"real competitor"),"")
A18: Avg model confidence on HALLUCINATIONS | B18: =IFERROR(AVERAGEIFS(Agreement!I2:I320,Agreement!J2:J320,"hallucination / not a real company"),"")
A19: Gap (real minus hallucinated) | B19: =IFERROR(B17-B18,"") | C19: If this gap is under ~10 points, the model's self-reported confidence is noise and must never be shown to a customer. Use the agreement tier instead.
A21: ENGINE BEHAVIOUR
A22: Cross-engine overlap | B22: =IFERROR(COUNTIF(Agreement!G2:G320,"yes")/COUNTA(Agreement!B2:B320),"") | C22: Share of companies both ChatGPT and Gemini named at least once. Low overlap means neither engine alone is trustworthy.
A23: ChatGPT rows returned (v2) | B23: =COUNTIFS(Runs!C2:C419,"ChatGPT",Runs!D2:D419,"v2") -> 1
A24: Gemini rows returned (v2) | B24: =COUNTIFS(Runs!C2:C419,"Gemini",Runs!D2:D419,"v2") -> 0
A25: ChatGPT avg list length per run | B25: =IFERROR(B23/15,"") -> 0.066666667 | C25: Divide by number of v2 runs on ChatGPT (5 runs x 3 businesses = 15). Adjust if you run a different count.
A26: Gemini avg list length per run | B26: =IFERROR(B24/15,"") -> 0 | C26: Same.
A28: CONTROL — v1 prompt
A29: v1 rows returned | B29: =COUNTIF(Runs!D2:D419,"v1") -> 0 | C29: Grade the v1 names by hand in a scratch column and state the v1 hallucination rate here in writing. v2 must beat it, or we do not ship v2 on faith.
A31: Assumption: the divisors in rows 25-26 hardcode 15 v2 runs per engine (5 runs x 3 businesses). Change them if the run count changes.
